Customer Reference,Customer Name,Address Line 1,Address Line 2,Town,County,Country,Postcode
7437554400,Darell Swanbourne,456 Elm St,North District,Nakhon Si Thammarat,Tokyo Prefecture,Thailand,57210
1459189646,Elsy Wedmore,456 Elm St,North District,Yacheng,Paris Department,China,
0646475784,Roselin Dreelan,101 Pine Rd,Westside,Anau,Sydney County,French Polynesia,
0335435266,Loutitia Middle,123 Main St,Downtown,San Juan,Paris Department,Philippines,6227
0863831430,Benni Suff,123 Main St,South Heights,Baras,Tokyo Prefecture,Philippines,4803
5389725454,Perkin Torr,101 Pine Rd,Westside,Batobato,Sydney County,Philippines,1091
1838079767,Ignatius Bielby,101 Pine Rd,North District,Korosten’,Los Angeles County,Ukraine,
1291851264,Amelie Extall,456 Elm St,South Heights,Miskolc,Los Angeles County,Hungary,3543
1375772157,Gaultiero Balls,789 Oak Ave,North District,Darungan Lor,Los Angeles County,Indonesia,
1728216539,Audrey Rome,789 Oak Ave,South Heights,Namyang-dong,Los Angeles County,North Korea,
2879475410,Starlene Geffe,101 Pine Rd,North District,Kwolla,London Borough,Nigeria,
1908142376,Kalinda Fedder,456 Elm St,South Heights,Sabang,London Borough,Philippines,4110
5806849810,Alys MacPaike,789 Oak Ave,Westside,Qinghe,Tokyo Prefecture,China,
5359340279,Guillermo Hache,789 Oak Ave,Downtown,Kuidou,Los Angeles County,China,
1640942228,Coleman Mansour,789 Oak Ave,East End,Villa Ojo de Agua,Paris Department,Argentina,5250
1355830854,Osborne Wardel,123 Main St,Downtown,Inkerman,Los Angeles County,Ukraine,
2569458019,Gillan Dumingos,101 Pine Rd,South Heights,Xiangzhu,Sydney County,China,
1524174763,Guthrey Lardier,789 Oak Ave,South Heights,Changfeng,Tokyo Prefecture,China,
0370641265,Dannie Flye,101 Pine Rd,North District,El Matama,Sydney County,Sudan,
5681159211,Winona Rean,123 Main St,North District,Banjar Susut Kaja,Tokyo Prefecture,Indonesia,
9915135701,Nikaniki Brydell,101 Pine Rd,Downtown,Bouctouche,Paris Department,Canada,E4S
0425270165,Conney Toderini,101 Pine Rd,Downtown,Qionghai,London Borough,China,
2421993199,Mendy Dongles,101 Pine Rd,South Heights,El Viejo,Los Angeles County,Nicaragua,
7346738362,Poppy Dmitrovic,101 Pine Rd,East End,Maués,Sydney County,Brazil,69190-000
7679982312,Ortensia Cramond,789 Oak Ave,Westside,Bailingnao,Paris Department,China,
8614278545,Wilt Kaiser,101 Pine Rd,South Heights,Paya Dapur,London Borough,Indonesia,
0218529546,Tandy Belamy,789 Oak Ave,Westside,Boawae,Paris Department,Indonesia,
5369232620,Paige Vallentin,456 Elm St,South Heights,Sumbergayam,Los Angeles County,Indonesia,
1328099125,Elwood MacGruer,101 Pine Rd,South Heights,Ōnojō,Tokyo Prefecture,Japan,818-0138
3430178247,Garrett Rupp,123 Main St,East End,Baqiu,Sydney County,China,
3823821859,Bail McGuff,101 Pine Rd,North District,Jiuhe,Tokyo Prefecture,China,
5227355571,Faber Bleddon,456 Elm St,East End,Ishioka,Sydney County,Japan,999-2171
7321820051,Hally Allonby,789 Oak Ave,North District,Fengyang Fuchengzhen,Sydney County,China,
8268195685,Cornell Willstrop,456 Elm St,East End,Tangzhuang,Los Angeles County,China,
4814979304,Trever Camps,456 Elm St,Westside,Spirovo,Paris Department,Russia,422338
8470667992,Bertie Molian,456 Elm St,Downtown,Ar Ramthā,London Borough,Jordan,
9931803192,Dalis Agutter,789 Oak Ave,East End,Río Segundo,Los Angeles County,Argentina,5972
3607548022,Briney Shee,789 Oak Ave,South Heights,Karangan,Paris Department,Indonesia,
4759865212,Asa Walliker,101 Pine Rd,East End,Stebnyk,Paris Department,Ukraine,
2740825630,Kirby Kitchingman,123 Main St,Downtown,Verd,Paris Department,Slovenia,1354
8293567653,Adelind Petrelli,456 Elm St,Downtown,Jand,Tokyo Prefecture,Pakistan,50251
3909216113,Joyous Weems,123 Main St,East End,Kostino,Los Angeles County,Russia,613060
1036207459,Brittani Udell,101 Pine Rd,Westside,Komsomol’skiy,Paris Department,Russia,249716
8370538549,Emerson Loffill,789 Oak Ave,Westside,Dodoma,Sydney County,Tanzania,
5062608956,Camila Rubinowitz,789 Oak Ave,East End,Dębno,Tokyo Prefecture,Poland,74-400
0262567351,Smith Romeril,123 Main St,North District,Dumlan,Paris Department,Philippines,8119
2699845312,Evelina Downes,789 Oak Ave,Downtown,Qiaobian,Los Angeles County,China,
9713255235,Poul Jacomb,123 Main St,Westside,Casal do Conde,Tokyo Prefecture,Portugal,2330-524
8998949021,Carly Louis,123 Main St,South Heights,Manta,London Borough,Ecuador,
4731796518,Clerkclaude Burnsall,789 Oak Ave,Westside,Bacelo,London Borough,Portugal,4615-544
0248433560,Janaye Rassmann,123 Main St,East End,Lau,Paris Department,Portugal,2950-127
2913656110,Sidnee Got,101 Pine Rd,East End,Cipolletti,London Borough,Argentina,8324
2634595882,Gwendolen Menichino,789 Oak Ave,South Heights,Yushan,Sydney County,China,
1177989090,Joellyn Sweating,456 Elm St,Downtown,Genève,Los Angeles County,Switzerland,1209
5517503630,Dorelle Shawley,456 Elm St,North District,Ampasimanolotra,Sydney County,Madagascar,
0611792316,Charlotte Tryme,456 Elm St,Downtown,Korniyivka,Paris Department,Ukraine,
8939415539,Monica Camocke,101 Pine Rd,Westside,Vingåker,Los Angeles County,Sweden,643 92
3069249341,Wendell Smeed,123 Main St,South Heights,Ayrihuanca,Tokyo Prefecture,Peru,
5578553485,Olivia Dahlen,101 Pine Rd,Westside,Hamburg Sankt Pauli,Tokyo Prefecture,Germany,20459
2460393721,Fran Leese,123 Main St,South Heights,Gantang,London Borough,China,
8571041831,Barry Wegner,123 Main St,South Heights,Gangdong,Los Angeles County,China,
9630639834,Arden Bentick,123 Main St,South Heights,Huangjinjing,Paris Department,China,
8095049195,Aurel Cloute,456 Elm St,Downtown,Itatskiy,Paris Department,Russia,652245
6783883023,Andriana Cabell,123 Main St,Downtown,Cabangahan,Tokyo Prefecture,Philippines,6131
2623680991,Joscelin Milmore,789 Oak Ave,Downtown,Celeirós,Paris Department,Portugal,5060-016
0550032210,Erny Heinsen,101 Pine Rd,Westside,Osa,London Borough,Russia,618146
0784636514,Annabelle Gouinlock,789 Oak Ave,South Heights,Changma,London Borough,China,
9626092167,Mable Grigori,456 Elm St,Downtown,Lapachito,Tokyo Prefecture,Argentina,3514
1142208830,Ugo Dedmam,456 Elm St,North District,Cangshan,Sydney County,China,
5108417193,Lucina Stelle,101 Pine Rd,East End,Ozërsk,Sydney County,Russia,238124
7763436380,Vicky Kinloch,123 Main St,East End,Tall aḑ Ḑamān,Tokyo Prefecture,Syria,
5062243073,Cara O Sullivan,789 Oak Ave,North District,Albarraque,Paris Department,Portugal,2635-012
5958913329,Suzann Forbear,456 Elm St,East End,Hengxizhen,Tokyo Prefecture,China,
3501111531,Berty Golson,123 Main St,Westside,Södertälje,Paris Department,Sweden,151 22
9569589185,Olvan Drohan,101 Pine Rd,North District,Aparecida,Tokyo Prefecture,Brazil,12570-000
8127890672,Merell McPharlain,101 Pine Rd,South Heights,Novorossiysk,Paris Department,Russia,353993
6292661744,Legra Breckon,789 Oak Ave,Westside,Kinnegad,Tokyo Prefecture,Ireland,R32
8216806003,Hermia Bruckent,789 Oak Ave,Downtown,"Palmas De Gran Canaria, Las",Los Angeles County,Spain,35015
3227491994,Yulma Edgeworth,123 Main St,Westside,Khlong Toei,Sydney County,Thailand,34360
0889423654,Keriann Capron,123 Main St,Downtown,Xijiang,Sydney County,China,
0820597344,Worden Cobley,101 Pine Rd,Westside,Thị Trấn Phú Mỹ,Sydney County,Vietnam,
8093792439,Zelda Pavlik,789 Oak Ave,Westside,Krimpen aan den IJssel,Los Angeles County,Netherlands,2924
9530285565,Blair Kleis,456 Elm St,South Heights,Lendangara Satu,Tokyo Prefecture,Indonesia,
4484832445,Channa Theze,101 Pine Rd,Downtown,Gostovići,Sydney County,Bosnia and Herzegovina,
4973095708,Leah Lawlan,789 Oak Ave,East End,Ouaoula,Paris Department,Morocco,
9789451799,Dasha Colloby,101 Pine Rd,North District,Tabuc Pontevedra,Paris Department,Philippines,5815
6160457075,Delphine Tesimon,789 Oak Ave,Westside,Bolanon,Paris Department,Philippines,2208
8309781025,Siward Michie,789 Oak Ave,Downtown,Asunción Mita,Paris Department,Guatemala,22005
3819496959,Sandy Sollowaye,789 Oak Ave,Westside,Yong’an,London Borough,China,
5714055845,Solly Balling,456 Elm St,Downtown,Casais,London Borough,Portugal,3100-806
5482260549,Melanie Belward,123 Main St,East End,Laxiong,London Borough,China,
4116617823,Barnebas Langley,123 Main St,Westside,El Aguacate,Los Angeles County,Mexico,40687
6767881851,Arnold Bridle,101 Pine Rd,Westside,Chatan,Paris Department,Japan,904-0116
9962444360,Nerita Dybbe,101 Pine Rd,Westside,Gorki Vtoryye,Los Angeles County,Russia,143422
4890807062,Barnett Pumfrey,789 Oak Ave,North District,Sakai-nakajima,Los Angeles County,Japan,379-2306
3106309831,Bert Kidstone,101 Pine Rd,East End,Sula,Sydney County,Philippines,2914
3655560093,Cobby Roget,456 Elm St,Downtown,El Mida,London Borough,Tunisia,
8844206035,Waylan Saladin,789 Oak Ave,East End,Skien,Sydney County,Norway,3798
5147022188,Anneliese Emburey,789 Oak Ave,Downtown,Huangcun,London Borough,China,
8282881459,Veriee Bittlestone,456 Elm St,East End,Ambovombe,Los Angeles County,Madagascar,